日期,时间,内容,类别,标签
2026-01-15,09:30,完成项目需求分析,工作,需求分析
2026-01-15,11:00,准备周报材料,工作,周报
2026-01-15,14:00,参加团队会议,会议,周会
2026-01-16,10:00,修改代码并提交,工作,开发,代码提交
2026-01-16,15:00,与客户沟通需求变更,工作,客户沟通
2026-01-17,09:00,学习新的开发技术,学习,技术提升
2026-01-17,13:00,解决线上问题,工作,运维,问题修复
2026-01-17,16:00,整理项目文档,工作,文档
2026-01-18,11:30,与设计团队讨论界面设计,工作,协作
2026-01-18,14:00,进行代码审查,工作,代码审查